product_url,image_url
https://warmashop.com/speedpaint-20/16881-speedpaint-20-medium-speedpaint-20.html,https://warmashop.com/20860-home_default/speedpaint-20-medium-speedpaint-20.jpg
https://warmashop.com/speedpaint-20/16882-speedpaint-20-grim-black-speedpaint-20.html,https://warmashop.com/20861-home_default/speedpaint-20-grim-black-speedpaint-20.jpg
https://warmashop.com/speedpaint-20/16883-speedpaint-20-gravelord-grey-speedpaint-20.html,https://warmashop.com/20862-home_default/speedpaint-20-gravelord-grey-speedpaint-20.jpg
https://warmashop.com/speedpaint-20/16884-speedpaint-20-holy-white-speedpaint-20.html,https://warmashop.com/20863-home_default/speedpaint-20-holy-white-speedpaint-20.jpg
https://warmashop.com/speedpaint-20/16885-speedpaint-20-crusader-skin-speedpaint-20.html,https://warmashop.com/20864-home_default/speedpaint-20-crusader-skin-speedpaint-20.jpg
https://warmashop.com/speedpaint-20/16886-speedpaint-20-dark-wood-speedpaint-20.html,https://warmashop.com/20862-home_default/speedpaint-20-gravelord-grey-speedpaint-20.jpg
https://warmashop.com/speedpaint-20/16887-speedpaint-20-pallid-bone-speedpaint-20.html,https://warmashop.com/20863-home_default/speedpaint-20-holy-white-speedpaint-20.jpg
https://warmashop.com/speedpaint-20/16888-speedpaint-20-absolution-green-speedpaint-20.html,https://warmashop.com/20860-home_default/speedpaint-20-medium-speedpaint-20.jpg
https://warmashop.com/speedpaint-20/16889-speedpaint-20-camo-cloak-speedpaint-20.html,https://warmashop.com/20864-home_default/speedpaint-20-crusader-skin-speedpaint-20.jpg
https://warmashop.com/speedpaint-20/16890-speedpaint-20-ork-skin-speedpaint-20.html,https://warmashop.com/20869-home_default/speedpaint-20-ork-skin-speedpaint-20.jpg
https://warmashop.com/speedpaint-20/16891-speedpaint-20-blood-red-speedpaint-20.html,https://warmashop.com/20865-home_default/speedpaint-20-dark-wood-speedpaint-20.jpg
https://warmashop.com/speedpaint-20/16892-speedpaint-20-malignant-green-speedpaint-20.html,https://warmashop.com/20871-home_default/speedpaint-20-malignant-green-speedpaint-20.jpg
https://warmashop.com/speedpaint-20/16893-speedpaint-20-slaughter-red-speedpaint-20.html,https://warmashop.com/20865-home_default/speedpaint-20-dark-wood-speedpaint-20.jpg
https://warmashop.com/speedpaint-20/16894-speedpaint-20-zealot-yellow-speedpaint-20.html,https://warmashop.com/20862-home_default/speedpaint-20-gravelord-grey-speedpaint-20.jpg
https://warmashop.com/speedpaint-20/16895-speedpaint-20-magic-blue-speedpaint-20.html,https://warmashop.com/20864-home_default/speedpaint-20-crusader-skin-speedpaint-20.jpg
https://warmashop.com/speedpaint-20/16896-speedpaint-20-highlord-blue-speedpaint-20.html,https://warmashop.com/20860-home_default/speedpaint-20-medium-speedpaint-20.jpg
https://warmashop.com/speedpaint-20/16897-speedpaint-20-runic-grey-speedpaint-20.html,https://warmashop.com/20862-home_default/speedpaint-20-gravelord-grey-speedpaint-20.jpg
https://warmashop.com/speedpaint-20/16898-speedpaint-20-fire-giant-orange-speedpaint-20.html,https://warmashop.com/20867-home_default/speedpaint-20-absolution-green-speedpaint-20.jpg
https://warmashop.com/speedpaint-20/16899-speedpaint-20-hive-dweller-purple-speedpaint-20-5713799201880.html,https://warmashop.com/20863-home_default/speedpaint-20-holy-white-speedpaint-20.jpg
https://warmashop.com/speedpaint-20/16900-speedpaint-20-plasmatic-bolt-speedpaint-20.html,https://warmashop.com/20861-home_default/speedpaint-20-grim-black-speedpaint-20.jpg
https://warmashop.com/speedpaint-20/16901-speedpaint-20-sand-golem-speedpaint-20.html,https://warmashop.com/20867-home_default/speedpaint-20-absolution-green-speedpaint-20.jpg
https://warmashop.com/speedpaint-20/16902-speedpaint-20-purple-alchemy-speedpaint-20.html,https://warmashop.com/20860-home_default/speedpaint-20-medium-speedpaint-20.jpg
https://warmashop.com/speedpaint-20/16903-speedpaint-20-cloudburst-blue-speedpaint-20.html,https://warmashop.com/20874-home_default/speedpaint-20-magic-blue-speedpaint-20.jpg
https://warmashop.com/speedpaint-20/16904-speedpaint-20-hardened-leather-speedpaint-20.html,https://warmashop.com/20863-home_default/speedpaint-20-holy-white-speedpaint-20.jpg
https://warmashop.com/speedpaint-20/16905-speedpaint-20-battleship-grey-speedpaint-20.html,https://warmashop.com/20863-home_default/speedpaint-20-holy-white-speedpaint-20.jpg
https://warmashop.com/speedpaint-20/16906-speedpaint-20-ashen-stone-speedpaint-20.html,https://warmashop.com/20872-home_default/speedpaint-20-slaughter-red-speedpaint-20.jpg
https://warmashop.com/speedpaint-20/16907-speedpaint-20-burnt-moss-speedpaint-20.html,https://warmashop.com/20862-home_default/speedpaint-20-gravelord-grey-speedpaint-20.jpg
https://warmashop.com/speedpaint-20/16908-speedpaint-20-occultist-cloak-speedpaint-20.html,https://warmashop.com/20865-home_default/speedpaint-20-dark-wood-speedpaint-20.jpg
https://warmashop.com/speedpaint-20/16909-speedpaint-20-hoplite-gold-speedpaint-20.html,https://warmashop.com/20860-home_default/speedpaint-20-medium-speedpaint-20.jpg
https://warmashop.com/speedpaint-20/16910-speedpaint-20-talos-bronze-speedpaint-20.html,https://warmashop.com/20861-home_default/speedpaint-20-grim-black-speedpaint-20.jpg
https://warmashop.com/speedpaint-20/16911-speedpaint-20-broadsword-silver-speedpaint-20.html,https://warmashop.com/20865-home_default/speedpaint-20-dark-wood-speedpaint-20.jpg
https://warmashop.com/speedpaint-20/16912-speedpaint-20-purple-swarm-speedpaint-20.html,https://warmashop.com/20860-home_default/speedpaint-20-medium-speedpaint-20.jpg
https://warmashop.com/speedpaint-20/16913-speedpaint-20-moody-mauve-speedpaint-20.html,https://warmashop.com/20864-home_default/speedpaint-20-crusader-skin-speedpaint-20.jpg
https://warmashop.com/speedpaint-20/16914-speedpaint-20-familiar-pink-speedpaint-20.html,https://warmashop.com/20860-home_default/speedpaint-20-medium-speedpaint-20.jpg
https://warmashop.com/speedpaint-20/16915-speedpaint-20-moonlake-coral-speedpaint-20.html,https://warmashop.com/20873-home_default/speedpaint-20-zealot-yellow-speedpaint-20.jpg
https://warmashop.com/speedpaint-20/16916-speedpaint-20-periwinkle-purple-speedpaint-20.html,https://warmashop.com/20866-home_default/speedpaint-20-pallid-bone-speedpaint-20.jpg
https://warmashop.com/speedpaint-20/16917-speedpaint-20-aged-hide-speedpaint-20.html,https://warmashop.com/20860-home_default/speedpaint-20-medium-speedpaint-20.jpg
https://warmashop.com/speedpaint-20/16918-speedpaint-20-peachy-flesh-speedpaint-20.html,https://warmashop.com/20863-home_default/speedpaint-20-holy-white-speedpaint-20.jpg
https://warmashop.com/speedpaint-20/16919-speedpaint-20-goddess-glow-speedpaint-20.html,https://warmashop.com/20861-home_default/speedpaint-20-grim-black-speedpaint-20.jpg
https://warmashop.com/speedpaint-20/16920-speedpaint-20-bony-matter-speedpaint-20.html,https://warmashop.com/20860-home_default/speedpaint-20-medium-speedpaint-20.jpg
https://warmashop.com/speedpaint-20/16921-speedpaint-20-desolate-brown-speedpaint-20.html,https://warmashop.com/20860-home_default/speedpaint-20-medium-speedpaint-20.jpg
https://warmashop.com/speedpaint-20/16922-speedpaint-20-shamrock-green-speedpaint-20.html,https://warmashop.com/20862-home_default/speedpaint-20-gravelord-grey-speedpaint-20.jpg
https://warmashop.com/speedpaint-20/16923-speedpaint-20-ghillie-dew-speedpaint-20.html,https://warmashop.com/20870-home_default/speedpaint-20-blood-red-speedpaint-20.jpg
https://warmashop.com/speedpaint-20/16924-speedpaint-20-gunner-camo-speedpaint-20.html,https://warmashop.com/20861-home_default/speedpaint-20-grim-black-speedpaint-20.jpg
https://warmashop.com/speedpaint-20/16925-speedpaint-20-forest-sprite-speedpaint-20.html,https://warmashop.com/20877-home_default/speedpaint-20-fire-giant-orange-speedpaint-20.jpg
https://warmashop.com/speedpaint-20/16926-speedpaint-20-algae-green-speedpaint-20.html,https://warmashop.com/20880-home_default/speedpaint-20-sand-golem-speedpaint-20.jpg
https://warmashop.com/speedpaint-20/16927-speedpaint-20-caribbean-ocean-speedpaint-20.html,https://warmashop.com/20867-home_default/speedpaint-20-absolution-green-speedpaint-20.jpg
https://warmashop.com/speedpaint-20/16928-speedpaint-20-ghoul-green-speedpaint-20.html,https://warmashop.com/20863-home_default/speedpaint-20-holy-white-speedpaint-20.jpg
https://warmashop.com/speedpaint-20/16929-speedpaint-20-charming-chartreuse-speedpaint-20.html,https://warmashop.com/20863-home_default/speedpaint-20-holy-white-speedpaint-20.jpg
https://warmashop.com/speedpaint-20/16930-speedpaint-20-beowulf-blue-speedpaint-20.html,https://warmashop.com/20860-home_default/speedpaint-20-medium-speedpaint-20.jpg
https://warmashop.com/speedpaint-20/16931-speedpaint-20-royal-robes-speedpaint-20.html,https://warmashop.com/20863-home_default/speedpaint-20-holy-white-speedpaint-20.jpg
https://warmashop.com/speedpaint-20/16932-speedpaint-20-tyrian-navy-speedpaint-20.html,https://warmashop.com/20863-home_default/speedpaint-20-holy-white-speedpaint-20.jpg
https://warmashop.com/speedpaint-20/16933-speedpaint-20-tidal-wave-speedpaint-20.html,https://warmashop.com/20869-home_default/speedpaint-20-ork-skin-speedpaint-20.jpg
https://warmashop.com/speedpaint-20/16934-speedpaint-20-raging-sea-speedpaint-20.html,https://warmashop.com/20870-home_default/speedpaint-20-blood-red-speedpaint-20.jpg
https://warmashop.com/speedpaint-20/16935-speedpaint-20-dusk-red-speedpaint-20.html,https://warmashop.com/20861-home_default/speedpaint-20-grim-black-speedpaint-20.jpg
https://warmashop.com/speedpaint-20/16936-speedpaint-20-carmine-dragon-speedpaint-20.html,https://warmashop.com/20877-home_default/speedpaint-20-fire-giant-orange-speedpaint-20.jpg
https://warmashop.com/speedpaint-20/16937-speedpaint-20-poppy-red-speedpaint-20.html,https://warmashop.com/20863-home_default/speedpaint-20-holy-white-speedpaint-20.jpg
https://warmashop.com/speedpaint-20/16938-speedpaint-20-murder-scene-speedpaint-20.html,https://warmashop.com/20861-home_default/speedpaint-20-grim-black-speedpaint-20.jpg
https://warmashop.com/speedpaint-20/16939-speedpaint-20-bright-red-speedpaint-20.html,https://warmashop.com/20864-home_default/speedpaint-20-crusader-skin-speedpaint-20.jpg
https://warmashop.com/speedpaint-20/16940-speedpaint-20-maize-yellow-speedpaint-20.html,https://warmashop.com/20871-home_default/speedpaint-20-malignant-green-speedpaint-20.jpg
https://warmashop.com/speedpaint-20/16941-speedpaint-20-ancient-honey-speedpaint-20.html,https://warmashop.com/20872-home_default/speedpaint-20-slaughter-red-speedpaint-20.jpg
https://warmashop.com/speedpaint-20/16942-speedpaint-20-nuclear-sunrise-speedpaint-20.html,https://warmashop.com/20862-home_default/speedpaint-20-gravelord-grey-speedpaint-20.jpg
https://warmashop.com/speedpaint-20/16943-speedpaint-20-fire-drake-speedpaint-20.html,https://warmashop.com/20868-home_default/speedpaint-20-camo-cloak-speedpaint-20.jpg
https://warmashop.com/speedpaint-20/16944-speedpaint-20-noble-skin-speedpaint-20.html,https://warmashop.com/20868-home_default/speedpaint-20-camo-cloak-speedpaint-20.jpg
https://warmashop.com/speedpaint-20/16945-speedpaint-20-warrior-skin-speedpaint-20.html,https://warmashop.com/20866-home_default/speedpaint-20-pallid-bone-speedpaint-20.jpg
https://warmashop.com/speedpaint-20/16946-speedpaint-20-ruddy-fur-speedpaint-20.html,https://warmashop.com/20865-home_default/speedpaint-20-dark-wood-speedpaint-20.jpg
https://warmashop.com/speedpaint-20/16947-speedpaint-20-ochre-clay-speedpaint-20.html,https://warmashop.com/20862-home_default/speedpaint-20-gravelord-grey-speedpaint-20.jpg
https://warmashop.com/speedpaint-20/16948-speedpaint-20-brownish-decay-speedpaint-20.html,https://warmashop.com/20862-home_default/speedpaint-20-gravelord-grey-speedpaint-20.jpg
https://warmashop.com/speedpaint-20/16949-speedpaint-20-satchel-brown-speedpaint-20.html,https://warmashop.com/20868-home_default/speedpaint-20-camo-cloak-speedpaint-20.jpg
https://warmashop.com/speedpaint-20/16950-speedpaint-20-golden-armour-speedpaint-20.html,https://warmashop.com/20870-home_default/speedpaint-20-blood-red-speedpaint-20.jpg
https://warmashop.com/speedpaint-20/16951-speedpaint-20-glittering-loot-speedpaint-20.html,https://warmashop.com/20879-home_default/speedpaint-20-plasmatic-bolt-speedpaint-20.jpg
https://warmashop.com/speedpaint-20/16952-speedpaint-20-polished-silver-speedpaint-20.html,https://warmashop.com/20861-home_default/speedpaint-20-grim-black-speedpaint-20.jpg
https://warmashop.com/speedpaint-20/16953-speedpaint-20-enchanted-steel-speedpaint-20.html,https://warmashop.com/20868-home_default/speedpaint-20-camo-cloak-speedpaint-20.jpg
https://warmashop.com/speedpaint-20/16954-speedpaint-20-brazen-copper-speedpaint-20.html,https://warmashop.com/20865-home_default/speedpaint-20-dark-wood-speedpaint-20.jpg
https://warmashop.com/speedpaint-20/16955-speedpaint-20-hoard-bronze-speedpaint-20.html,https://warmashop.com/20860-home_default/speedpaint-20-medium-speedpaint-20.jpg
https://warmashop.com/speedpaint-20/16956-speedpaint-20-aztec-gold-speedpaint-20.html,https://warmashop.com/20863-home_default/speedpaint-20-holy-white-speedpaint-20.jpg
https://warmashop.com/speedpaint-20/16957-speedpaint-20-blinding-light-speedpaint-20.html,https://warmashop.com/20865-home_default/speedpaint-20-dark-wood-speedpaint-20.jpg
https://warmashop.com/speedpaint-20/16958-speedpaint-20-howling-sand-speedpaint-20.html,https://warmashop.com/20868-home_default/speedpaint-20-camo-cloak-speedpaint-20.jpg
https://warmashop.com/speedpaint-20/16959-speedpaint-20-mummified-grime-speedpaint-20.html,https://warmashop.com/20861-home_default/speedpaint-20-grim-black-speedpaint-20.jpg
https://warmashop.com/speedpaint-20/16960-speedpaint-20-maggot-skin-speedpaint-20.html,https://warmashop.com/20861-home_default/speedpaint-20-grim-black-speedpaint-20.jpg
https://warmashop.com/speedpaint-20/16961-speedpaint-20-rigor-mortis-speedpaint-20.html,https://warmashop.com/20870-home_default/speedpaint-20-blood-red-speedpaint-20.jpg
https://warmashop.com/speedpaint-20/16962-speedpaint-20-thunderbird-blue-speedpaint-20.html,https://warmashop.com/20860-home_default/speedpaint-20-medium-speedpaint-20.jpg
https://warmashop.com/speedpaint-20/16963-speedpaint-20-lizardfolk-cyan-speedpaint-20.html,https://warmashop.com/20867-home_default/speedpaint-20-absolution-green-speedpaint-20.jpg
https://warmashop.com/speedpaint-20/16964-speedpaint-20-burnished-red-speedpaint-20.html,https://warmashop.com/20861-home_default/speedpaint-20-grim-black-speedpaint-20.jpg
https://warmashop.com/speedpaint-20/16965-speedpaint-20-pastel-yellow-speedpaint-20.html,https://warmashop.com/20863-home_default/speedpaint-20-holy-white-speedpaint-20.jpg
https://warmashop.com/speedpaint-20/16966-speedpaint-20-pastel-salmon-speedpaint-20.html,https://warmashop.com/20864-home_default/speedpaint-20-crusader-skin-speedpaint-20.jpg
https://warmashop.com/speedpaint-20/16967-speedpaint-20-princess-pink-speedpaint-20.html,https://warmashop.com/20864-home_default/speedpaint-20-crusader-skin-speedpaint-20.jpg
https://warmashop.com/speedpaint-20/16968-speedpaint-20-pastel-lavender-speedpaint-20.html,https://warmashop.com/20862-home_default/speedpaint-20-gravelord-grey-speedpaint-20.jpg
https://warmashop.com/speedpaint-20/16969-speedpaint-20-pastel-indigo-speedpaint-20.html,https://warmashop.com/20861-home_default/speedpaint-20-grim-black-speedpaint-20.jpg
https://warmashop.com/speedpaint-20/16970-speedpaint-20-pastel-seafoam-speedpaint-20.html,https://warmashop.com/20861-home_default/speedpaint-20-grim-black-speedpaint-20.jpg
https://warmashop.com/speedpaint-20/16971-speedpaint-20-medium-100ml-speedpaint-20.html,https://warmashop.com/20870-home_default/speedpaint-20-blood-red-speedpaint-20.jpg
